<?xml version="1.0" encoding="UTF-8"?>
<beans xmlns="http://www.springframework.org/schema/beans"
	xmlns:xsi="http://www.w3.org/2001/XMLSchema-instance"
	xmlns:context="http://www.springframework.org/schema/context"
	xmlns:mvc="http://www.springframework.org/schema/mvc"
	xsi:schemaLocation="
        http://www.springframework.org/schema/beans
        http://www.springframework.org/schema/beans/spring-beans.xsd
        http://www.springframework.org/schema/context 
        http://www.springframework.org/schema/context/spring-context-3.0.xsd
        http://www.springframework.org/schema/mvc 
        http://www.springframework.org/schema/context/spring-mvc.xsd">
	<context:component-scan
		base-package="com.tc.empspringmvc"></context:component-scan>

	<bean
		class="org.springframework.web.servlet.view.InternalResourceViewResolver"><!-- 
			This is used to prevent writing the path in every controllerand we have to 
			write at only one place -->
		<property name="prefix" value="/views/"></property>
		<property name="suffix" value=".jsp"></property>
	</bean>
	<bean id="sessionFactory" class="org.springframework.orm.hibernate5.LocalSessionFactoryBean">
		<property name="configLocations" value="classpath:hibernate.cfg.xml"></property>
		<property name="packagesToScan" value="com.tc.empspringmvc.beans"></property><!-- Either add annotated bean classes here or add annotated bean classes in hibernate.cfg.xml file -->
	</bean>
	
</beans>